name,wrl1,category1,gender1,nation,age,weight,weight_mt,height,height_cur,cur_ref
Baasankhuu BAVUUDORJ,#2,-48,W,Mongolia,24,48,53.4,148,153,https://www.ocagames.com/HZ_Info/AG2022-/en/results/judo/athlete-profile-n2016792-bavuudorj-baasankhuu.htm
Maria ESCANO,#103,-57,W,Guam,22,56.8,,150,,
Tornike TSJAKADOEA,#21,-60,M,Netherlands,27,59.9,66.6,150,164,https://olympics.com/en/paris-2024/athlete/tornike-tsjakadoea_1966764
Marit KAMPS,#16,78,W,Netherlands,23,102.5,,150,175,https://olympics.com/en/paris-2024/athlete/marit-kamps_1966747
Juan POSTIGOS,#47,-66,M,Peru,35,65.6,,150,160,https://78884ca60822a34fb0e6-082b8fd5551e97bc65e327988b444396.ssl.cf3.rackcdn.com/up/2021/12/Rio_Olympic_Games_Judo_Results-1639651592.pdf
Geronay WHITEBOOI,#39,-48,W,South Africa,28,47.7,,150,152,https://www.teamsa.co.za/wp-content/uploads/TeamSA-Tokyo-2020-Olympic-Handbook.pdf
Diyora KELDIYOROVA,#1,-52,W,Uzbekistan,26,51.7,53.3,150,158,https://www.ocagames.com/HZ_Info/AG2022-/en/results/judo/athlete-profile-n2011977-keldiyorova-diyora.htm
Ryuju NAGAYAMA,#6,-60,M,Japan,28,59.7,64,151,156,https://ja.wikipedia.org/wiki/%E6%B0%B8%E5%B1%B1%E7%AB%9C%E6%A8%B9
Jacqueline SOLIS,#63,-48,W,Guatemala,35,47.7,,152,,
Gabriela NARVAEZ,#60,-48,W,Paraguay,29,47.8,,152,,
Natasha FERREIRA,#26,-48,W,Brazil,25,48,,153,152,https://admin.cob.org.br/uploads/CO_Bmedia_guide_mobile_2024_V3_89fd5895d0.pdf
Mary Dee VARGAS LEY,#21,-48,W,Chile,27,47.9,,153,154,https://tokio2020.rtve.es/es/resultados/judo/perfil-de-deportista-n1309833-vargas-ley-mary-dee.htm
Katharina MENZ,#25,-48,W,Germany,33,47.9,52.1,153,153,https://olympics.com/en/paris-2024/athlete/katharina-menz_1563084
Ka Lee WONG,#57,-48,W,"Hong Kong, China",26,47.9,,153,162,https://olympics.com/en/paris-2024/athlete/ka-lee-wong_1962123
Reka PUPP,#6,-52,W,Hungary,28,51.7,53.8,153,,
Catarina COSTA,#7,-48,W,Portugal,27,47.8,,153,154,https://comiteolimpicoportugal.pt/noticias/detalhe-da-noticia/?id=NEW-e0026952-5c75-4ba9-8f7d-f6eaa1656cae
Tara BABULFATH,#18,-48,W,Sweden,18,47.7,,153,154,https://olympics.com/en/paris-2024/athlete/tara-babulfath_1571911
Katharina TANZER,#40,-48,W,Austria,28,47.8,51.2,154,154,https://www.judoaustria.at/judoka/?q=Tanzer&judokaId=22271
Gultaj MAMMADALIYEVA,#23,-52,W,Azerbaijan,24,51.9,,154,,
Larissa PIMENTA,#10,-52,W,Brazil,25,51.8,56.7,154,157,https://admin.cob.org.br/uploads/CO_Bmedia_guide_mobile_2024_V3_89fd5895d0.pdf
Ange Ciella NIRAGIRA,#48,-78,W,Burundi,21,75.9,,154,,
Szofi OZBAS,#13,-63,W,Hungary,22,62.9,68.1,154,163,https://78884ca60822a34fb0e6-082b8fd5551e97bc65e327988b444396.ssl.cf3.rackcdn.com/up/2021/12/Buenos_Aires_Youth_Olympic_Gam-1639650923.pdf
Daniyar SHAMSHAYEV,#19,-73,M,Kazakhstan,22,72.9,76.1,154,175,https://www.ocagames.com/HZ_Info/AG2022-/en/results/judo/athlete-profile-n2020193-shamshayev-daniyar.htm
Distria KRASNIQI,#2,-52,W,Kosovo,28,51.7,,154,155,https://gdm2022-pdf.microplustimingservices.com/JUD/ResultBook/GDM2022_JUD_v1.5.pdf
Hyekyeong LEE,#10,-48,W,Republic of Korea,28,47.9,52.4,154,155,https://78884ca60822a34fb0e6-082b8fd5551e97bc65e327988b444396.ssl.cf3.rackcdn.com/up/2021/12/Nanjing_Youth_Olympic_Games_Ju-1639651583.pdf
Chen-Hao LIN,#35,-48,W,Chinese Taipei,26,47.6,,155,155,https://www.ocagames.com/HZ_Info/AG2022-/en/results/judo/athlete-profile-n2006153-lin-chen-hao.htm
Abdelrahman ABDELGHANY,#40,-81,M,Egypt,25,80.8,,155,170,https://www.adh.de/fileadmin/user_upload/pdf/wettkampf/ergebnisse-international/WUG_Universiade_Sommer/2019/Judo_Universiade_2019_Ergbenisse.pdf
Katryna ESPOSITO,#55,-48,W,Malta,23,47.7,,155,162,https://olympics.com/en/paris-2024/athlete/katryna-esposito_1903711
Soumiya IRAOUI,#15,-52,W,Morocco,28,51.9,,155,160,https://gdm2022-pdf.microplustimingservices.com/JUD/ResultBook/GDM2022_JUD_v1.5.pdf
Jacira FERREIRA,#72,-52,W,Mozambique,26,51.9,,155,170,https://b2022-pdf.microplustimingservices.com/JUD/2022-07-30/JUDW52KG--------------------------__C32C_1.0.pdf
Manita SHRESTHA PRADHAN,#111,-57,W,Nepal,25,56.8,,155,160,https://olympics.com/en/paris-2024/athlete/manita-shrestha-pradhan_1980008
Kristine JIMENEZ,#46,-57,W,Panama,28,56.8,,155,158,https://olympics.com/en/paris-2024/athlete/kristine-jimenez_1965704
Muna DAHOUK,#157,-57,W,Refugee Olympic Team,28,56.3,59.3,155,,
Mohammad RASHNONEZHAD,#95,-60,M,Refugee Olympic Team,28,65.9,68.9,155,,
Laura MARTINEZ ABELENDA,#13,-48,W,Spain,25,47.9,52.8,155,,
Leyla ALIYEVA,#22,-48,W,Azerbaijan,26,47.8,,156,164,https://78884ca60822a34fb0e6-082b8fd5551e97bc65e327988b444396.ssl.cf3.rackcdn.com/up/2021/12/Nanjing_Youth_Olympic_Games_Ju-1639651583.pdf
Michel AUGUSTO,#25,-60,M,Brazil,19,59.8,,156,162,https://admin.cob.org.br/uploads/CO_Bmedia_guide_mobile_2024_V3_89fd5895d0.pdf
Zeddy CHEROTICH,#74,-78,W,Kenya,34,77.9,,157,,
Yerin JUNG,#21,-52,W,Republic of Korea,28,52,56.7,157,171,https://www.ocagames.com/HZ_Info/AG2022-/en/results/judo/athlete-profile-n2014371-jung-yerin.htm
Robert FLORENTINO,#30,-90,M,Dominican Republic,27,90,,158,182,https://olympics.com/en/paris-2024/athlete/robert-florentino_1929963
Uta ABE,#9,-52,W,Japan,24,51.9,55,158,158,https://ja.wikipedia.org/wiki/%E9%98%BF%E9%83%A8%E8%A9%A9
Nera TIEBWA,#258,-57,W,Kiribati,,56,,158,,
Paulina MARTINEZ,#31,-52,W,Mexico,25,51.8,,158,,
Yeqing ZHU,#14,-52,W,People's Rep. of China,26,51.6,,158,158,https://www.ocagames.com/HZ_Info/AG2022-/en/results/judo/athlete-profile-n2007722-zhu-yeqing.htm
Marusa STANGAR,#19,-48,W,Slovenia,26,47.8,,158,159,https://olympics.com/en/paris-2024/athlete/marusa-stangar_1981195
Ariane TORO SOLER,#12,-52,W,Spain,21,51.8,54.6,158,,
Maria Celia LABORDE,#11,-48,W,United States of America,33,47.4,,158,,
Thi Tinh HOANG,#86,-48,W,Vietnam,30,47.6,,158,150,https://www.ocagames.com/HZ_Info/AG2022-/en/results/judo/athlete-profile-n2029069-hoang-thi-tinh.htm
Sofia FIORA,#38,-52,W,Argentina,28,51.6,,160,,
Jorre VERSTRAETEN,#19,-60,M,Belgium,26,59.8,,160,163,https://www.eurosport.com/olympics/athletes/profile/verstraeten-jorre-1903247/
Kelly DEGUCHI,#34,-52,W,Canada,25,51.7,57,160,164,https://olympics.com/en/paris-2024/athlete/kelly-deguchi_1955533
Christa DEGUCHI,#1,-57,W,Canada,28,56.7,59.2,160,161,https://olympics.com/en/paris-2024/athlete/christa-deguchi_1955526
Erika LASSO,#36,-48,W,Colombia,25,47.7,,160,,
Sofia ASVESTA,#28,-52,W,Cyprus,24,51.8,,160,,
Song Hui MUN,#37,-70,W,Dem. Peop. Rep. of Korea,22,69.4,,160,170,https://www.ocagames.com/HZ_Info/AG2022-/zh/results/judo/athlete-profile-n2018038-mun-songhui.htm
Jairo MORENO,#79,-60,M,El Salvador,22,59.7,,160,,
Virginia AYMARD,#47,-48,W,Gabon,29,47.6,,160,,
Chelsie GILES,#5,-52,W,Great Britain,27,51.6,,160,,
Shira RISHONY,#24,-48,W,Israel,33,48,52.9,160,150,https://www.olympedia.org/athletes/130614
Gefen PRIMO,#7,-52,W,Israel,24,51.8,54.7,160,,
Yam WOLCZAK,#27,-60,M,Israel,21,59.7,68.6,160,,
Gili SHARIR,#9,-63,W,Israel,24,62.9,68.3,160,,
Maya GOSHEN,#23,-70,W,Israel,24,69.1,69.4,160,,
Assunta SCUTTO,#1,-48,W,Italy,22,47.8,51.9,160,160,https://parigi2024.coni.it/it/italia-team/gli-azzurri/scheda_atleta/2456:ASSUNTA_SCUTTO.html
Odette GIUFFRIDA,#3,-52,W,Italy,29,51.9,55.4,160,160,https://parigi2024.coni.it/it/italia-team/gli-azzurri/scheda_atleta/666:ODETTE__GIUFFRIDA.html
Andrea CARLINO,#32,-60,M,Italy,27,59.8,68.4,160,160,https://parigi2024.coni.it/it/italia-team/gli-azzurri/scheda_atleta/2586:ANDREA_CARLINO.html
Ashley MCKENZIE,#57,-60,M,Jamaica,35,59.8,,160,165,https://b2022-pdf.microplustimingservices.com/JUD/2022-07-30/JUDM60KG--------------------------__C32C_1.0.pdf
Yeldos SMETOV,#22,-60,M,Kazakhstan,31,60,65.8,160,167,https://en.wikipedia.org/wiki/Yeldos_Smetov
Sosorbaram LKHAGVASUREN,#13,-52,W,Mongolia,23,51.8,56.6,160,160,https://www.ocagames.com/HZ_Info/AG2022-/en/results/judo/athlete-profile-n2016579-lkhagvasuren-sosorbaram.htm
Enkhriilen LKHAGVATOGOO,#13,-57,W,Mongolia,25,56.8,64.4,160,168,https://www.ocagames.com/HZ_Info/AG2022-/en/results/judo/athlete-profile-n2016576-lkhagvatogoo-enkhriilen.htm
Abderrahmane BOUSHITA,#28,-66,M,Morocco,26,65.8,,160,175,https://olympics.com/en/paris-2024/athlete/abderrahmane-boushita_1539683
Izayana MARENCO,#77,78,W,Nicaragua,31,107.6,,160,,
Zongying GUO,#20,-48,W,People's Rep. of China,25,47.7,,160,160,https://www.ocagames.com/HZ_Info/AG2022-/en/results/judo/athlete-profile-n2007747-guo-zongying.htm
Jisu KIM,#16,-63,W,Republic of Korea,23,62.9,67.1,160,161,https://www.adh.de/fileadmin/user_upload/pdf/wettkampf/ergebnisse-international/WUG_Universiade_Sommer/2019/Judo_Universiade_2019_Ergbenisse.pdf
Binta NDIAYE,#16,-52,W,Switzerland,19,51.9,,160,,
Hasan BAYAN,#281,-73,M,Syrian Arab Republic,22,72.9,,160,176,https://olympics.com/en/paris-2024/athlete/hasan-bayan_1969797
Oumaima BEDIOUI,#38,-48,W,Tunisia,26,47.7,,160,155,https://gdm2022-pdf.microplustimingservices.com/JUD/ResultBook/GDM2022_JUD_v1.5.pdf
Tugce BEDER,#12,-48,W,Turkiye,24,47.8,49.8,160,157,https://olympics.com/en/paris-2024/athlete/tugce-beder_1570013
Muhammed DEMIREL,#31,-66,M,Turkiye,21,65.9,71.4,160,177,https://olympics.com/en/paris-2024/athlete/muhammed-demirel_1569965
Fidan OGEL,#28,-70,W,Turkiye,22,69.9,72.3,160,162,https://olympics.com/en/paris-2024/athlete/fidan-ogel_1570024
Dilshot KHALMATOV,#11,-60,M,Ukraine,26,60,,160,,
Khorloodoi BISHRELT,#11,-52,W,United Arab Emirates,26,51.9,,160,177,https://www.ocagames.com/HZ_Info/AG2022-/en/results/judo/athlete-profile-n2011581-khorloodoi-bishrelt.htm
Angelica DELGADO,#19,-52,W,United States of America,33,52,,160,157,https://www.teamusa.com/profiles/angelica-delgado
Yashar NAJAFOV,#11,-66,M,Azerbaijan,25,66,,161,,
Natsumi TSUNODA,#4,-48,W,Japan,31,47.5,51.4,161,161,https://ja.wikipedia.org/wiki/%E8%A7%92%E7%94%B0%E5%A4%8F%E5%AE%9F
Akira SONE,#18,78,W,Japan,24,109.3,,161,162,https://ja.wikipedia.org/wiki/%E7%B4%A0%E6%A0%B9%E8%BC%9D
Haruka FUNAKUBO,#6,-57,W,Japan,25,56.8,59.4,162,162,https://ja.wikipedia.org/wiki/%E8%88%9F%E4%B9%85%E4%BF%9D%E9%81%A5%E9%A6%99
Prisca AWITI ALCARAZ,#18,-63,W,Mexico,28,62.8,,162,,
Jelle SNIPPE,#13,100,M,Netherlands,25,113.7,,162,194,https://olympics.com/en/paris-2024/athlete/jelle-snippe_1966768
Qi CAI,#22,-57,W,People's Rep. of China,29,56.7,,162,162,https://www.ocagames.com/HZ_Info/AG2022-/en/results/judo/athlete-profile-n2007752-cai-qi.htm
Mimi HUH,#3,-57,W,Republic of Korea,21,56.9,59.1,162,159,https://ko.wikipedia.org/wiki/%ED%97%88%EB%AF%B8%EB%AF%B8
Marica PERISIC,#9,-57,W,Serbia,24,56.8,62.6,162,162,https://olympics.com/en/paris-2024/athlete/marica-perisic_1948084
Andrew Thomas MLUGU,#101,-73,M,United Republic of Tanzania,28,72.6,,162,,
Joshua KATZ,#37,-60,M,Australia,26,59.8,,163,165,https://b2022-pdf.microplustimingservices.com/JUD/2022-07-30/JUDM60KG--------------------------__C32C_1.0.pdf
Amandine BUCHARD,#4,-52,W,France,29,51.9,56.4,163,160,https://www.lequipe.fr/Judo/Fiche-guide/Athlete/Amandine-buchard/38
Walide KHYAR,#16,-66,M,France,29,65.8,68.5,163,171,https://www.lequipe.fr/Judo/Fiche-guide/Athlete/Walide-khyar/45
Mascha BALLHAUS,#8,-52,W,Germany,23,51.9,55.6,163,,
Maryam March MAHARANI,#52,-52,W,Indonesia,24,51.3,,163,156,https://www.ocagames.com/HZ_Info/AG2022-/en/results/judo/athlete-profile-n2028482-maharani-maryam-march.htm
Miku TAKAICHI,#8,-63,W,Japan,30,62.8,66.1,163,163,https://ja.wikipedia.org/wiki/%E9%AB%99%E5%B8%82%E6%9C%AA%E6%9D%A5
Joanne VAN LIESHOUT,#1,-63,W,Netherlands,21,62.7,68.4,163,170,https://www.eurosport.nl/olympisch/sport/judo/event/women-63kg/match/juw063401/
Milica NIKOLIC,#6,-48,W,Serbia,29,47.8,52.5,163,,
Francisco GARRIGOS,#5,-60,M,Spain,29,59.9,,163,159,https://gdm2022-pdf.microplustimingservices.com/JUD/ResultBook/GDM2022_JUD_v1.5.pdf
Ai TSUNODA ROUSTANT,#10,-70,W,Spain,22,69.6,71.6,163,163,https://gdm2022-pdf.microplustimingservices.com/JUD/ResultBook/GDM2022_JUD_v1.5.pdf
Aoife COUGHLAN,#12,-70,W,Australia,28,69.6,,164,164,https://b2022-pdf.microplustimingservices.com/JUD/2022-07-30/JUDW70KG--------------------------__C32C_1.0.pdf
Sebastian SANCHO,#92,-60,M,Costa Rica,25,59.7,,164,,
Clarisse AGBEGNENOU,#6,-63,W,France,31,62.6,66.7,164,164,https://www.lequipe.fr/Judo/AussiFicheAthlete36094.html
Baul AN,#13,-66,M,Republic of Korea,30,65.7,70.9,164,168,https://www.ocagames.com/HZ_Info/AG2022-/resAG2022-/pdf/AG2022-/JUD/AG2022-_JUD_C32C_JUDM66KG--------------------------.pdf
Lubjana PIOVESANA,#10,-63,W,Austria,27,62.6,65.8,165,165,https://www.judoaustria.at/judoka/?judokaId=72508
Chen-Ling LIEN,#21,-57,W,Chinese Taipei,36,56.8,,165,168,https://www.ocagames.com/HZ_Info/AG2022-/en/results/judo/athlete-profile-n2006154-lien-chen-ling.htm
Katarina KRISTO,#12,-63,W,Croatia,22,62.7,,165,163,https://olympics.com/en/paris-2024/athlete/katarina-kristo_1568874
Renata ZACHOVA,#17,-63,W,Czechia,24,62.5,,165,166,https://www.olympijskytym.cz/files/documents/1721055280_cov-tg-oh-paris-el-1.pdf
Youssry SAMY,#28,-60,M,Egypt,21,59.8,,165,168,https://gdm2022-pdf.microplustimingservices.com/JUD/ResultBook/GDM2022_JUD_v1.5.pdf
Sarah Leonie CYSIQUE,#5,-57,W,France,26,56.7,59.5,165,163,https://www.lequipe.fr/Judo/Fiche-guide/Athlete/Sarah-leonie-cysique/39
Marie Eve GAHIE,#7,-70,W,France,27,69.4,72.4,165,176,https://www.lequipe.fr/Judo/Fiche-guide/Athlete/Marie-eve-gahie/41
Eteri LIPARTELIANI,#7,-57,W,Georgia,24,57,59.8,165,,
Eter ASKILASHVILI,#49,-63,W,Georgia,20,62.9,65.7,165,,
Lasha SHAVDATUASHVILI,#8,-73,M,Georgia,32,72.7,,165,170,https://78884ca60822a34fb0e6-082b8fd5551e97bc65e327988b444396.ssl.cf3.rackcdn.com/up/2021/12/Rio_Olympic_Games_Judo_Results-1639651592.pdf
Ilia SULAMANIDZE,#2,-100,M,Georgia,23,99.9,103.9,165,187,https://78884ca60822a34fb0e6-082b8fd5551e97bc65e327988b444396.ssl.cf3.rackcdn.com/up/2021/12/Buenos_Aires_Youth_Olympic_Gam-1639650923.pdf
Lele NAIRNE,#28,-57,W,Great Britain,26,56.7,,165,153,https://b2022-pdf.microplustimingservices.com/JUD/2022-07-30/JUDW57KG--------------------------__C32C_1.0.pdf
Lucy RENSHALL,#11,-63,W,Great Britain,28,62.9,,165,,
Katie-Jemima YEATS-BROWN,#16,-70,W,Great Britain,29,69.9,,165,166,https://b2022-pdf.microplustimingservices.com/JUD/2022-07-30/JUDW70KG--------------------------__C32C_1.0.pdf
Veronica TONIOLO,#12,-57,W,Italy,21,56.8,59.6,165,165,https://parigi2024.coni.it/it/italia-team/gli-azzurri/scheda_atleta/2457:VERONICA_TONIOLO.html
Savita RUSSO,#39,-63,W,Italy,19,62.3,66.8,165,163,https://parigi2024.coni.it/it/italia-team/gli-azzurri/scheda_atleta/2538:SAVITA_RUSSO.html
Gennaro PIRELLI,#17,-100,M,Italy,23,99.9,107.3,165,180,https://parigi2024.coni.it/it/italia-team/gli-azzurri/scheda_atleta/2318:GENNARO_PIRELLI.html
Asya TAVANO,#9,78,W,Italy,22,116.6,,165,165,https://parigi2024.coni.it/it/italia-team/gli-azzurri/scheda_atleta/2170:ASYA_TAVANO.html
Abiba ABUZHAKYNOVA,#3,-48,W,Kazakhstan,27,47.9,51,165,158,https://www.ocagames.com/HZ_Info/AG2022-/en/results/judo/athlete-profile-n2020758-abuzhakynova-abiba.htm
Gusman KYRGYZBAYEV,#26,-66,M,Kazakhstan,31,65.8,68.9,165,165,https://www.ocagames.com/HZ_Info/AG2022-/en/results/judo/athlete-profile-n2020200-kyrgyzbayev-gusman.htm
Aina Laura RASOANAIVO RAZAFY,#38,-70,W,Madagascar,20,67.9,,165,,
Ariunbold ENKHTAIVAN,#13,-60,M,Mongolia,28,59.8,63.6,165,165,https://www.ocagames.com/HZ_Info/AG2022-/en/results/judo/athlete-profile-n2017053-enkhtaivan-ariunbold.htm
Hayun KIM,#4,78,W,Republic of Korea,24,112.1,,165,178,https://ko.wikipedia.org/wiki/%EA%B9%80%ED%95%98%EC%9C%A4_(%EC%9C%A0%EB%8F%84_%EC%84%A0%EC%88%98)
Adil OSMANOV,#13,-73,M,Republic of Moldova,24,72.7,,165,,
Andreja LESKI,#7,-63,W,Slovenia,27,62.9,,165,,
Salih YILDIZ,#10,-60,M,Turkiye,23,59.8,68.7,165,170,https://olympics.com/en/paris-2024/athlete/salih-yildiz_1569960
Ibrahim TATAROGLU,#23,100,M,Turkiye,18,160,,165,195,https://olympics.com/en/paris-2024/athlete/ibrahim-tataroglu_1570012
Bogdan IADOV,#15,-66,M,Ukraine,27,65.9,,165,170,https://78884ca60822a34fb0e6-082b8fd5551e97bc65e327988b444396.ssl.cf3.rackcdn.com/up/2021/12/Nanjing_Youth_Olympic_Games_Ju-1639651583.pdf
Gulnoza MATNIYAZOVA,#17,-70,W,Uzbekistan,29,69.9,72.7,165,166,https://www.ocagames.com/HZ_Info/AG2022-/en/results/judo/athlete-profile-n2011973-matniyazova-gulnoza.htm
Davlat BOBONOV,#7,-90,M,Uzbekistan,27,89.5,92.6,165,182,https://www.ocagames.com/HZ_Info/AG2022-/en/results/judo/athlete-profile-n2012663-bobonov-davlat.htm
Hidayat HEYDAROV,#1,-73,M,Azerbaijan,26,72.9,,166,165,https://www.adh.de/fileadmin/user_upload/pdf/wettkampf/ergebnisse-international/WUG_Universiade_Sommer/2019/Judo_Universiade_2019_Ergbenisse.pdf
Willian LIMA,#8,-66,M,Brazil,24,65.9,72.2,166,165,https://admin.cob.org.br/uploads/CO_Bmedia_guide_mobile_2024_V3_89fd5895d0.pdf
Djamila SILVA,#44,-52,W,Cape Verde,27,51.8,,166,,
Nadia Matchiko GUIMENDEGO,#45,-63,W,Central African Republic,27,62.7,,166,,
Hifumi ABE,#6,-66,M,Japan,26,65.8,70.7,166,167,https://ja.wikipedia.org/wiki/%E9%98%BF%E9%83%A8%E4%B8%80%E4%BA%8C%E4%B8%89
Nora GJAKOVA,#8,-57,W,Kosovo,31,56.9,,166,165,https://78884ca60822a34fb0e6-082b8fd5551e97bc65e327988b444396.ssl.cf3.rackcdn.com/up/2021/12/Rio_Olympic_Games_Judo_Results-1639651592.pdf
Daria BILODID,#14,-57,W,Ukraine,23,56.6,,166,172,https://www.straitstimes.com/sport/daria-bilodid-covets-olympic-judo-gold-to-show-ukraine-still-standing
Messaoud Redouane DRIS,#14,-73,M,Algeria,22,73.4,,167,175,https://gdm2022-pdf.microplustimingservices.com/JUD/ResultBook/GDM2022_JUD_v1.5.pdf
Balabay AGHAYEV,#7,-60,M,Azerbaijan,25,59.8,,167,,
Luukas SAHA,#23,-66,M,Finland,26,65.7,,167,167,https://www.adh.de/fileadmin/user_upload/pdf/wettkampf/ergebnisse-international/WUG_Universiade_Sommer/2019/Judo_Universiade_2019_Ergbenisse.pdf
Pauline STARKE,#15,-57,W,Germany,26,56.6,57.6,167,185,https://www.adh.de/fileadmin/user_upload/pdf/wettkampf/ergebnisse-international/WUG_Universiade_Sommer/2019/Judo_Universiade_2019_Ergbenisse.pdf
Laura FAZLIU,#3,-63,W,Kosovo,23,62.7,,167,173,https://gdm2022-pdf.microplustimingservices.com/JUD/ResultBook/GDM2022_JUD_v1.5.pdf
Angelika SZYMANSKA,#4,-63,W,Poland,24,62.7,,167,,
Nigara SHAHEEN,#205,-63,W,Refugee Olympic Team,31,62.8,65.5,167,,
Kaja KAJZER,#17,-57,W,Slovenia,24,56.9,,167,,
Maysa PARDAYEVA,#19,-57,W,Turkmenistan,19,56.6,,167,,
Eljan HAJIYEV,#18,-90,M,Azerbaijan,22,89.8,,168,,
Rafaela SILVA,#4,-57,W,Brazil,32,56.9,59.8,168,169,https://admin.cob.org.br/uploads/CO_Bmedia_guide_mobile_2024_V3_89fd5895d0.pdf
Daniel CARGNIN,#6,-73,M,Brazil,26,72.8,76.2,168,168,https://admin.cob.org.br/uploads/CO_Bmedia_guide_mobile_2024_V3_89fd5895d0.pdf
Yung Wei YANG,#1,-60,M,Chinese Taipei,26,59.7,,168,168,https://www.ocagames.com/HZ_Info/AG2022-/en/results/judo/athlete-profile-n2006150-yang-yung-wei.htm
Elisavet TELTSIDOU,#2,-70,W,Greece,28,69.8,,168,170,https://gdm2022-pdf.microplustimingservices.com/JUD/ResultBook/GDM2022_JUD_v1.5.pdf
Marie BRANSER,#21,-78,W,Guinea,31,77.3,,168,,
Sanne VAN DIJKE,#5,-70,W,Netherlands,28,70,73.4,168,174,https://olympics.com/en/paris-2024/athlete/sanne-van-dijke_1966742
Barbara TIMO,#15,-63,W,Portugal,33,62.9,,168,168,https://comiteolimpicoportugal.pt/noticias/detalhe-da-noticia/?id=NEW-ea567779-9fd8-4863-b79c-4d3cc875d28c
Maria PEREZ,#14,-70,W,Puerto Rico,35,69.5,,168,167,https://78884ca60822a34fb0e6-082b8fd5551e97bc65e327988b444396.ssl.cf3.rackcdn.com/up/2021/12/Rio_Olympic_Games_Judo_Results-1639651592.pdf
Denis VIERU,#1,-66,M,Republic of Moldova,28,65.9,,168,173,https://www.adh.de/fileadmin/user_upload/pdf/wettkampf/ergebnisse-international/WUG_Universiade_Sommer/2019/Judo_Universiade_2019_Ergbenisse.pdf
Metka LOBNIK,#19,-78,W,Slovenia,23,77.3,,168,168,https://olympics.com/en/paris-2024/athlete/metka-lobnik_1981204
David GARCIA TORNE,#9,-66,M,Spain,26,65.8,72.5,168,,
Serdar RAHIMOV,#29,-66,M,Turkmenistan,20,65.7,,168,,
Jack YONEZUKA,#20,-73,M,United States of America,21,72.7,,168,,
Mariana ESTEVES,#25,-57,W,Guinea,28,56.7,,169,164,http://www.ekksl.ee/wp-content/uploads/2017/05/judo_tulemused-1.pdf
Rika TAKAYAMA,#9,-78,W,Japan,29,77.7,80.9,169,169,https://www.ocagames.com/HZ_Info/AG2022-/resAG2022-/pdf/AG2022-/JUD/AG2022-_JUD_C32C_JUDW78KG--------------------------.pdf
Moira DE VILLIERS,#30,-78,W,New Zealand,34,77.4,,169,168,https://resources.cwg-qbr.pulselive.com/qbr-commonwealth-games/document/2022/11/24/e720049e-7ca6-4c75-9a27-8b6e55b1af1f/JUDO-CG2014-Official-Results-Book.pdf
Won Jin KIM,#23,-60,M,Republic of Korea,32,59.9,70.5,169,168,https://78884ca60822a34fb0e6-082b8fd5551e97bc65e327988b444396.ssl.cf3.rackcdn.com/up/2021/12/Rio_Olympic_Games_Judo_Results-1639651592.pdf
Cristina CABANA PEREZ,#26,-63,W,Spain,31,62.3,63.3,169,165,https://gdm2022-pdf.microplustimingservices.com/JUD/ResultBook/GDM2022_JUD_v1.5.pdf
Amina BELKADI,#20,-63,W,Algeria,31,62.7,,170,170,https://res-taipei.fisu.net/eng/zb/engzb_judo-athlete-profile-n114700-belkadi-amina.htm
Edmilson PEDRO,#58,-66,M,Angola,27,65.9,,170,170,https://www.facebook.com/105914138305054/photos/a.105914161638385/357730493123416/?type=3
Katharina HAECKER,#5,-63,W,Australia,31,62.8,,170,168,https://b2022-pdf.microplustimingservices.com/JUD/2022-07-30/JUDW63KG--------------------------__C32C_1.0.pdf
Michaela POLLERES,#3,-70,W,Austria,27,69.7,,170,170,https://www.judoaustria.at/judoka/?judokaId=13682
Samuel GASSNER,#77,-73,M,Austria,23,72.8,76.1,170,170,https://www.judoaustria.at/judoka/?judokaId=36428
Ketleyn QUADROS,#25,-63,W,Brazil,36,62.8,64.5,170,165,https://admin.cob.org.br/uploads/CO_Bmedia_guide_mobile_2024_V3_89fd5895d0.pdf
Catherine BEAUCHEMIN-PINARD,#2,-63,W,Canada,30,62.7,67.7,170,161,https://olympic.ca/team-canada/catherine-beauchemin-pinard/
Demos MEMNELOUM,#91,-70,W,Chad,30,68.2,,170,,
Barbara MATIC,#1,-70,W,Croatia,29,69.8,,170,170,https://olympics.com/en/paris-2024/athlete/barbara-matic_1898499
Laerke OLSEN,#36,-70,W,Denmark,26,69.5,,170,,
Moira MORILLO,#30,78,W,Dominican Republic,23,133.8,,170,,
Vanessa CHALA,#31,-78,W,Ecuador,34,75.4,,170,,
Luka MKHEIDZE,#3,-60,M,France,28,59.8,65.1,170,160,https://www.lequipe.fr/Judo/Fiche-guide/Athlete/Luka-mkheidze/44
Joan-Benjamin GABA,#35,-73,M,France,23,72.8,76.4,170,170,https://www.lequipe.fr/Judo/Fiche-guide/Athlete/Joan-benjamin-gaba/46
Alpha Oumar DJALO,#26,-81,M,France,27,80.9,84.2,170,170,https://www.lequipe.fr/Judo/AussiFicheAthlete14500000000113853.html
Aurelien DIESSE,#50,-100,M,France,26,97.8,98.7,170,190,https://fr.wikipedia.org/wiki/Aur%C3%A9lien_Diesse
Romane DICKO,#1,78,W,France,24,121.7,,170,180,https://www.lequipe.fr/Judo/Fiche-guide/Athlete/Romane-dicko/43
Giorgi SARDALASHVILI,#2,-60,M,Georgia,21,59.9,66,170,,
Vazha MARGVELASHVILI,#2,-66,M,Georgia,30,65.9,73.9,170,167,https://78884ca60822a34fb0e6-082b8fd5551e97bc65e327988b444396.ssl.cf3.rackcdn.com/up/2021/12/Rio_Olympic_Games_Judo_Results-1639651592.pdf
Guram TUSHISHVILI,#4,100,M,Georgia,29,117.4,,170,193,https://ka.wikipedia.org/wiki/%E1%83%92%E1%83%A3%E1%83%A0%E1%83%90%E1%83%9B_%E1%83%97%E1%83%A3%E1%83%A8%E1%83%98%E1%83%A8%E1%83%95%E1%83%98%E1%83%9A%E1%83%98
Sophio SOMKHISHVILI,#29,78,W,Georgia,24,120.9,,170,,
Philippe Abel METELLUS,#152,-73,M,Haiti,34,72.6,,170,,
Timna NELSON LEVY,#10,-57,W,Israel,30,56.9,59.7,170,,
Baruch SHMAILOV,#24,-66,M,Israel,29,65.9,75.9,170,170,https://en.wikipedia.org/wiki/Baruch_Shmailov
Matteo PIRAS,#10,-66,M,Italy,30,65.9,75.5,170,170,https://parigi2024.coni.it/it/italia-team/gli-azzurri/scheda_atleta/2161:MATTEO_PIRAS.html
Manuel LOMBARDO,#4,-73,M,Italy,25,72.7,76.2,170,161,https://parigi2024.coni.it/it/italia-team/gli-azzurri/scheda_atleta/673:MANUEL__LOMBARDO.html
Alice BELLANDI,#1,-78,W,Italy,25,77.9,77.1,170,175,https://parigi2024.coni.it/it/italia-team/gli-azzurri/scheda_atleta/675:ALICE_BELLANDI.html
Christian PARLATI,#9,-90,M,Italy,26,89.5,92.3,170,179,https://parigi2024.coni.it/it/italia-team/gli-azzurri/scheda_atleta/674:CHRISTIAN_PARLATI.html
Saki NIIZOE,#6,-70,W,Japan,28,69.6,72,170,170,https://res-taipei.fisu.net/eng/zb/engzb_judo-athlete-profile-n151405-niizoe-saki.htm
Soichi HASHIMOTO,#2,-73,M,Japan,32,72.7,76.2,170,170,https://www.ocagames.com/HZ_Info/AG2022-/resAG2022-/pdf/AG2022-/JUD/AG2022-_JUD_C32C_JUDM73KG--------------------------.pdf
Kubanychbek AIBEK UULU,#33,-66,M,Kyrgyzstan,23,65.9,,170,165,https://www.ocagames.com/HZ_Info/AG2022-/resAG2022-/pdf/AG2022-/JUD/AG2022-_JUD_C32C_JUDM66KG--------------------------.pdf
Khuslen OTGONBAYAR,#28,-78,W,Mongolia,19,77.8,80.8,170,175,https://www.ocagames.com/HZ_Info/AG2022-/en/results/judo/athlete-profile-n2016571-otgonbayar-khuslen.htm
Julie BEURSKENS,#31,-57,W,Netherlands,20,56.8,59.5,170,163,https://olympics.com/en/paris-2024/athlete/julie-beurskens_1966748
Noel VAN T END,#19,-90,M,Netherlands,33,89.9,94,170,185,https://www.olympedia.org/athletes/135270
Joao FERNANDO,#24,-81,M,Portugal,24,80.8,,170,179,https://comiteolimpicoportugal.pt/noticias/detalhe-da-noticia/?id=NEW-57e45cbd-ad11-438f-8b8f-3650041627cc
Rochele NUNES,#13,78,W,Portugal,35,114.9,,170,170,https://comiteolimpicoportugal.pt/noticias/detalhe-da-noticia/?id=NEW-264ea560-8399-4454-be9d-9ac8735af3e3
Sibghatullah ARAB,#109,-81,M,Refugee Olympic Team,23,80.6,83,170,,
Adnan KHANKAN,#143,-100,M,Refugee Olympic Team,30,99.9,104.7,170,,
Mahboubeh BARBARI ZHARFI,#170,78,W,Refugee Olympic Team,32,114.2,,170,,
Mihail LATISEV,#28,-81,M,Republic of Moldova,20,80.8,,170,,
Roldeney DE OLIVEIRA,#324,-73,M,Sao Tome and Principe,24,72.2,,170,,
Anka POGACNIK,#18,-70,W,Slovenia,32,69.5,,170,170,https://olympics.com/en/paris-2024/athlete/anka-pogacnik_1980838
Salvador CASES ROCA,#15,-73,M,Spain,26,72.9,76.3,170,,
Khalimajon KURBONOVA,#27,-48,W,Uzbekistan,22,47.7,48.6,170,157,https://www.ocagames.com/HZ_Info/AG2022-/en/results/judo/athlete-profile-n2012661-kurbonova-khalimajon.htm
Shukurjon AMINOVA,#23,-57,W,Uzbekistan,21,56.6,59.3,170,166,https://www.ocagames.com/HZ_Info/AG2022-/en/results/judo/athlete-profile-n2012660-aminova-shukurjon.htm
Iriskhon KURBANBAEVA,#23,-78,W,Uzbekistan,22,77.6,82.7,170,170,https://www.ocagames.com/HZ_Info/AG2022-/en/results/judo/athlete-profile-n2012631-kurbanbaeva-iriskhon.htm
Hesham MAKABR,#401,-60,M,Yemen,20,59.9,,170,,
Bence PONGRACZ,#53,-66,M,Hungary,24,65.8,70.6,171,,
Hyunji YOON,#18,-78,W,Republic of Korea,30,77.5,77.8,171,175,https://www.ocagames.com/HZ_Info/AG2022-/resAG2022-/pdf/AG2022-/JUD/AG2022-_JUD_C32C_JUDW78KG--------------------------.pdf
Narmandakh BAYANMUNKH,#14,-66,M,United Arab Emirates,24,66,,171,174,https://www.ocagames.com/HZ_Info/AG2022-/en/results/judo/athlete-profile-n2009369-bayanmunkh-narmandakh.htm
Renee LUCHT,#24,78,W,Germany,25,99.1,,172,172,https://olympics.com/en/paris-2024/athlete/renee-lucht_1563088
Krisztian TOTH,#5,-90,M,Hungary,30,90,94,172,175,https://www.adh.de/fileadmin/user_upload/pdf/wettkampf/ergebnisse-international/WUG_Universiade_Sommer/2019/Judo_Universiade_2019_Ergbenisse.pdf
Abylaikhan ZHUBANAZAR,#10,-81,M,Kazakhstan,24,80.8,83.6,172,175,https://www.ocagames.com/HZ_Info/AG2022-/en/results/judo/athlete-profile-n2020199-zhubanazar-abylaikhan.htm
Akil GJAKOVA,#17,-73,M,Kosovo,28,72.9,,172,174,https://gdm2022-pdf.microplustimingservices.com/JUD/ResultBook/GDM2022_JUD_v1.5.pdf
Kiyomi WATANABE,#92,-63,W,Philippines,27,62.7,,172,,
Tais PINA,#24,-70,W,Portugal,19,69.8,,172,173,https://comiteolimpicoportugal.pt/noticias/detalhe-da-noticia/?id=NEW-5a027069-556f-43a5-bb7e-133e9f91df22
Maylin DEL TORO CARVAJAL,#21,-63,W,Cuba,29,62.6,,173,170,https://www.jit.cu/impresadownload.ashx?edi=128&filename=905%20(17-07-2018)-%20Todo.pdf
Szabina GERCSAK,#22,-70,W,Hungary,28,67.5,70.3,173,178,https://78884ca60822a34fb0e6-082b8fd5551e97bc65e327988b444396.ssl.cf3.rackcdn.com/up/2021/12/Nanjing_Youth_Olympic_Games_Ju-1639651583.pdf
Kim POLLING,#15,-70,W,Italy,33,69.4,73.1,173,175,https://parigi2024.coni.it/it/italia-team/gli-azzurri/scheda_atleta/2524:KIM_POLLING.html
Antonio ESPOSITO,#13,-81,M,Italy,29,80.8,84.9,173,173,https://parigi2024.coni.it/it/italia-team/gli-azzurri/scheda_atleta/2474:ANTONIO_ESPOSITO.html
Baskhuu YONDONPERENLEI,#5,-66,M,Mongolia,30,65.9,69.4,173,175,https://www.ocagames.com/HZ_Info/AG2022-/en/results/judo/athlete-profile-n2017005-yondonperenlei-baskhuu.htm
Erdenebayar BATZAYA,#26,-73,M,Mongolia,24,72.6,74,173,177,https://www.ocagames.com/HZ_Info/AG2022-/zh/results/judo/athlete-profile-n2016965-batzaya-erdenebayar.htm
Adiyasuren AMARSAIKHAN,#23,78,W,Mongolia,24,99.9,,173,177,https://www.ocagames.com/HZ_Info/AG2022-/en/results/judo/athlete-profile-n2016570-amarsaikhan-adiyasuren.htm
Adrian GANDIA,#38,-81,M,Puerto Rico,26,80.5,,173,,
Nils STUMP,#3,-73,M,Switzerland,27,72.8,,173,,
Idalys ORTIZ,#19,78,W,Cuba,34,138.3,,174,180,https://judoinside.com/news/6760/Flagbearers_in_judo_Idalys_Ortiz_CUB
Alain APRAHAMIAN,#66,-81,M,Uruguay,36,80.5,,174,,
Wachid BORCHASHVILI,#19,-81,M,Austria,25,80.7,84.9,175,175,https://www.judoaustria.at/judoka/?judokaId=41411
Matthias CASSE,#1,-81,M,Belgium,27,80.4,,175,178,https://olympics.com/en/paris-2024/athlete/matthias-casse_1903244
Mayra AGUIAR,#12,-78,W,Brazil,32,77.1,,175,178,https://admin.cob.org.br/uploads/CO_Bmedia_guide_mobile_2024_V3_89fd5895d0.pdf
Guilherme SCHIMIDT,#4,-81,M,Brazil,23,80.8,93.8,175,182,https://admin.cob.org.br/uploads/CO_Bmedia_guide_mobile_2024_V3_89fd5895d0.pdf
Ana Laura PORTUONDO ISASI,#56,78,W,Canada,28,92.1,,175,171,https://olympic.ca/team-canada/ana-laura-portuondo-isasi/
Zouleiha Abzetta DABONNE,#43,-57,W,CÃ´te d'Ivoire,31,56.3,,175,,
Arnold KISOKA,#66,-60,M,Dem. Rep. of the Congo,23,59.7,,175,,
Aden-Alexandre HOUSSEIN,#76,-73,M,Djibouti,26,72.9,,175,,
Shirine BOUKLI,#5,-48,W,France,25,48,51.9,175,156,https://www.lequipe.fr/Judo/Fiche-guide/Athlete/Shirine-boukli/37
Faye NJIE,#49,-73,M,Gambia,30,72.9,,175,,
Timo CAVELIUS,#21,-81,M,Germany,27,80.6,87.2,175,176,https://olympics.com/en/paris-2024/athlete/timo-cavelius_1563098
Emma REID,#14,-78,W,Great Britain,29,77.2,,175,177,https://b2022-pdf.microplustimingservices.com/JUD/2022-07-30/JUDW78KG--------------------------__C32C_1.0.pdf
Tohar BUTBUL,#22,-73,M,Israel,30,72.8,74.3,175,176,https://www.wikidata.org/wiki/Q29052464
Raz HERSHKO,#2,78,W,Israel,26,109.5,,175,,
Loriana KUKA,#29,-78,W,Kosovo,27,77,,175,177,https://gdm2022-pdf.microplustimingservices.com/JUD/ResultBook/GDM2022_JUD_v1.5.pdf
Guusje STEENHUIS,#8,-78,W,Netherlands,31,77.8,80.6,175,178,https://olympics.com/en/paris-2024/athlete/guusje-steenhuis_1966753
Frank DE WIT,#16,-81,M,Netherlands,28,80.7,87.5,175,184,https://olympics.com/en/paris-2024/athlete/frank-de-wit_1966756
Fares BADAWI,#342,-81,M,Palestine,27,80.3,,175,178,https://olympics.com/en/paris-2024/athlete/fares-badawi_1932622
Jing TANG,#22,-63,W,People's Rep. of China,29,62.7,,175,175,https://www.ocagames.com/HZ_Info/AG2022-/en/results/judo/athlete-profile-n2007754-tang-jing.htm
Adam STODOLSKI,#29,-73,M,Poland,24,72.4,,175,,
Beata PACUT-KLOCZKO,#17,-78,W,Poland,28,77.4,,175,,
Patricia SAMPAIO,#13,-78,W,Portugal,25,77.7,,175,176,https://comiteolimpicoportugal.pt/noticias/detalhe-da-noticia/?id=NEW-63294f89-79f3-4ccc-bbcd-9f9b9743186b
William TAI TIN,#187,-73,M,Samoa,39,72.6,,175,180,https://b2022-pdf.microplustimingservices.com/JUD/2022-07-30/JUDM73KG--------------------------__C32C_1.0.pdf
Milica ZABIC,#14,78,W,Serbia,30,97.4,,175,180,https://olympics.com/en/paris-2024/athlete/milica-zabic_1948085
Mariama KOROMA,#288,-57,W,Sierra Leone,,56.4,,175,,
Vedat ALBAYRAK,#11,-81,M,Turkiye,31,80.8,88,175,178,https://olympics.com/en/paris-2024/athlete/vedat-albayrak_1569984
Kayra OZDEMIR,#3,78,W,Turkiye,36,115,,175,178,https://olympics.com/en/paris-2024/athlete/kayra-ozdemir_1570034
Sardor NURILLAEV,#12,-66,M,Uzbekistan,29,65.7,70.3,175,176,https://www.ocagames.com/HZ_Info/AG2022-/en/results/judo/athlete-profile-n2012666-nurillaev-sardor.htm
Murodjon YULDOSHEV,#7,-73,M,Uzbekistan,28,72.8,76.4,175,175,https://www.ocagames.com/HZ_Info/AG2022-/en/results/judo/athlete-profile-n2012650-yuldoshev-murodjon.htm
Simon ZULU,#50,-60,M,Zambia,22,59.8,,175,170,https://78884ca60822a34fb0e6-082b8fd5551e97bc65e327988b444396.ssl.cf3.rackcdn.com/up/2021/12/Buenos_Aires_Youth_Olympic_Gam-1639650923.pdf
Larisa CERIC,#26,78,W,Bosnia and Herzegovina,33,99.7,,176,176,https://www.olympedia.org/athletes/129162
Igor WANDTKE,#25,-73,M,Germany,33,72.8,75.8,176,177,https://olympics.com/en/paris-2024/athlete/igor-wandtke_1563093
Inbar LANIR,#3,-78,W,Israel,24,77.7,83.5,176,176,https://he.wikipedia.org/w/index.php?title=%D7%A2%D7%A0%D7%91%D7%A8_%D7%9C%D7%A0%D7%99%D7%A8&oldid=37045034
Jorge FONSECA,#9,-100,M,Portugal,31,99.8,,176,174,https://comiteolimpicoportugal.pt/noticias/detalhe-da-noticia/?id=NEW-8f1293b9-9b4d-4f69-ac1c-0989cbae746a
Joonhwan LEE,#3,-81,M,Republic of Korea,22,80.6,83,176,176,https://www.ocagames.com/HZ_Info/AG2022-/zh/results/judo/athlete-profile-n2014361-lee-joonhwan.htm
Nurali EMOMALI,#7,-66,M,Tajikistan,22,65.7,,176,,
Khrystyna HOMAN,#44,78,W,Ukraine,25,120.8,,176,,
Richelle Anita SOPPI MBELLA,#33,78,W,Cameroon,34,129,,177,,
Esmigul KUYULOVA,#37,-63,W,Kazakhstan,22,62.6,63.6,177,170,https://www.ocagames.com/HZ_Info/AG2022-/en/results/judo/athlete-profile-n2020202-kuyulova-esmigul.htm
Behruzi KHOJAZODA,#11,-73,M,Tajikistan,29,72.7,,177,176,https://www.ocagames.com/HZ_Info/AG2022-/en/results/judo/athlete-profile-n2019848-khojazoda-behruzi.htm
Mohammad Samim FAIZADA,#446,-81,M,Afghanistan,21,79.9,,178,,
Askerbii GERBEKOV,#25,-81,M,Bahrain,28,80.6,,178,178,http://www.bint21.cloud/HZ_Info/AG2022-/resAG2022-/pdf/AG2022-/JUD/AG2022-_JUD_C32C_JUDM81KG--------------------------.pdf
Valentin HOUINATO,#85,-81,M,Benin,27,80.7,,178,,
Aleksandra SAMARDZIC,#34,-70,W,Bosnia and Herzegovina,26,69.7,,178,180,https://olympics.com/en/paris-2024/athlete/aleksandra-samardzic_1941049
Mark HRISTOV,#27,-73,M,Bulgaria,24,72.9,,178,,
Arthur MARGELIDON,#9,-73,M,Canada,30,72.7,76.4,178,181,https://olympic.ca/team-canada/arthur-margelidon/
Tato GRIGALASHVILI,#2,-81,M,Georgia,24,80.7,88.9,178,180,https://www.adh.de/fileadmin/user_upload/pdf/wettkampf/ergebnisse-international/WUG_Universiade_Sommer/2019/Judo_Universiade_2019_Ergbenisse.pdf
Nurlykhan SHARKHAN,#23,-100,M,Kazakhstan,24,99.8,105.2,178,175,https://www.ocagames.com/HZ_Info/AG2022-/en/results/judo/athlete-profile-n2020198-sharkhan-nurlykhan.htm
Sydnee ANDREWS,#27,78,W,New Zealand,21,120.2,,178,,
Edi SHERIFOVSKI,#309,-81,M,North Macedonia,22,80.8,,178,181,https://gdm2022-pdf.microplustimingservices.com/JUD/ResultBook/GDM2022_JUD_v1.5.pdf
Tristani MOSAKHLISHVILI,#14,-90,M,Spain,26,89.1,89.5,178,182,https://gdm2022-pdf.microplustimingservices.com/JUD/ResultBook/GDM2022_JUD_v1.5.pdf
Beatriz SOUZA,#5,78,W,Brazil,26,135.2,,179,176,https://admin.cob.org.br/uploads/CO_Bmedia_guide_mobile_2024_V3_89fd5895d0.pdf
Ismael ALHASSANE,#131,-66,M,Niger,30,65.6,,179,,
Sarra MZOUGUI,#28,78,W,Tunisia,30,109.6,,179,,
Yelyzaveta LYTVYNENKO,#10,-78,W,Ukraine,20,77.6,,179,,
Nugzari TATALASHVILI,#17,-81,M,United Arab Emirates,34,80.9,,179,176,https://www.ocagames.com/HZ_Info/AG2022-/en/results/judo/athlete-profile-n2005396-tatalashvili-nugzari.htm
Sharofiddin BOLTABOEV,#12,-81,M,Uzbekistan,28,81,88.3,179,,
Mohamed El Mehdi LILI,#40,100,M,Algeria,28,137.6,,180,,
Gabriella WILLEMS,#21,-70,W,Belgium,27,69.4,,180,181,https://olympics.com/en/paris-2024/athlete/gabriella-willems_1903248
Ivaylo IVANOV,#13,-90,M,Bulgaria,29,89.6,,180,180,https://78884ca60822a34fb0e6-082b8fd5551e97bc65e327988b444396.ssl.cf3.rackcdn.com/up/2021/12/Rio_Olympic_Games_Judo_Results-1639651592.pdf
Carmel KONE,#82,-90,M,Burkina Faso,24,86.9,,180,,
Francois GAUTHIER DRAPEAU,#5,-81,M,Canada,26,80.6,87.2,180,182,https://olympics.com/en/paris-2024/athlete/francois-gauthier-drapeau_1955535
Miriam BUTKEREIT,#8,-70,W,Germany,30,69.7,70.7,180,179,https://olympics.com/en/paris-2024/athlete/miriam-butkereit_1563082
Theodoros TSELIDIS,#15,-90,M,Greece,27,89.3,,180,181,https://gdm2022-pdf.microplustimingservices.com/JUD/ResultBook/GDM2022_JUD_v1.5.pdf
Tulika MAAN,#36,78,W,India,25,119.4,,180,182,https://www.ocagames.com/HZ_Info/AG2022-/en/results/judo/athlete-profile-n2004042-maan-tulika.htm
Sagi MUKI,#18,-81,M,Israel,32,80.5,81.8,180,180,https://en.wikipedia.org/wiki/Sagi_Muki
Sanshiro MURAO,#3,-90,M,Japan,23,89.7,92.9,180,180,https://ja.wikipedia.org/wiki/%E6%9D%91%E5%B0%BE%E4%B8%89%E5%9B%9B%E9%83%8E
Aaron WOLF,#13,-100,M,Japan,28,99.9,111.5,180,181,https://en.wikipedia.org/wiki/Aaron_Wolf_(judoka)
Caramnob SAGAIPOV,#31,-90,M,Lebanon,27,89.8,,180,184,https://olympics.com/en/paris-2024/athlete/caramnob-sagaipov_1980485
Gonchigsuren BATKHUYAG,#10,-100,M,Mongolia,24,99.7,104.7,180,188,https://www.ocagames.com/HZ_Info/AG2022-/en/results/judo/athlete-profile-n2016797-batkhuyag-gonchigsuren.htm
Achraf MOUTII,#29,-81,M,Morocco,27,80.7,,180,180,https://gdm2022-pdf.microplustimingservices.com/JUD/ResultBook/GDM2022_JUD_v1.5.pdf
Alex CRET,#28,-90,M,Romania,22,89.4,,180,,
Komronshokh USTOPIRIYON,#20,-90,M,Tajikistan,31,90,,180,190,https://www.ocagames.com/HZ_Info/AG2022-/en/results/judo/athlete-profile-n2019849-ustopiriyon-komronshokh.htm
Dzhakhongir MADZHIDOV,#32,-100,M,Tajikistan,24,95.2,,180,,
Masayuki TERADA,#62,-73,M,Thailand,28,72.9,,180,183,https://www.adh.de/fileadmin/user_upload/pdf/wettkampf/ergebnisse-international/WUG_Universiade_Sommer/2019/Judo_Universiade_2019_Ergbenisse.pdf
Mihael ZGANK,#8,-90,M,Turkiye,30,89.6,94,180,182,https://olympics.com/en/paris-2024/athlete/mihael-zgank_1570001
Aram GRIGORIAN,#34,-90,M,United Arab Emirates,26,89.8,,180,170,https://www.ocagames.com/HZ_Info/AG2022-/en/results/judo/athlete-profile-n2007665-aram-grigorian.htm
Doston RUZIEV,#18,-60,M,Uzbekistan,28,59.8,65.3,180,172,https://res-taipei.fisu.net/resTP2017/pdf/TP2017/JU/TP2017_JU_C32C_JUM060000.pdf
Madeleine MALONGA,#6,-78,W,France,30,77.8,81.4,181,182,https://www.lequipe.fr/Judo/AussiFicheAthlete12500000000055430.html
Takanori NAGASE,#8,-81,M,Japan,30,80.7,84.4,181,181,https://ja.wikipedia.org/wiki/%E6%B0%B8%E7%80%AC%E8%B2%B4%E8%A6%8F
Remi FEUILLET,#49,-90,M,Mauritius,31,89.8,,181,181,https://b2022-pdf.microplustimingservices.com/JUD/2022-07-30/JUDM90KG--------------------------__C32C_1.0.pdf
Juyeop HAN,#24,-90,M,Republic of Korea,25,89.9,93.9,181,182,https://www.ocagames.com/HZ_Info/AG2022-/resAG2022-/pdf/AG2022-/JUD/AG2022-_JUD_C32C_JUDM90KG--------------------------.pdf
Minjong KIM,#1,100,M,Republic of Korea,23,133.8,,181,184,https://ko.wikipedia.org/wiki/%EA%B9%80%EB%AF%BC%EC%A2%85_(%EC%9C%A0%EB%8F%84_%EC%84%A0%EC%88%98)
Ivan Felipe SILVA MORALES,#10,-90,M,Cuba,28,89.6,,182,180,https://web.archive.org/web/20160816013513/https://www.rio2016.com/en/athlete/ivan-felipe-silva
David KLAMMERT,#22,-90,M,Czechia,30,89.7,,182,180,https://www.olympijskytym.cz/files/documents/1721055280_cov-tg-oh-paris-el-1.pdf
Anna-Maria WAGNER,#2,-78,W,Germany,28,77.6,79.2,182,183,https://olympics.com/en/paris-2024/athlete/anna-maria-wagner_1563081
Erlan SHEROV,#4,-90,M,Kyrgyzstan,26,89.5,,182,185,https://www.ocagames.com/HZ_Info/AG2022-/resAG2022-/pdf/AG2022-/JUD/AG2022-_JUD_C32C_JUDM90KG--------------------------.pdf
Strahinja BUNCIC,#30,-66,M,Serbia,28,65.8,72.1,182,180,https://olympics.com/en/paris-2024/athlete/strahinja-buncic_1948089
Nemanja MAJDOV,#2,-90,M,Serbia,27,89.6,91.5,182,178,https://olympics.com/en/paris-2024/athlete/nemanja-majdov_1948092
Marius FIZEL,#16,100,M,Slovakia,25,118.7,,182,,
Martti PUUMALAINEN,#10,100,M,Finland,27,131.8,,183,,
Sajjad SEHEN,#248,-81,M,Iraq,28,DQB,,183,185,https://www.ocagames.com/HZ_Info/AG2022-/en/results/judo/athlete-profile-n2011022-sehen-sajjad-ghanim-sehen.htm
Shiyan XU,#6,78,W,People's Rep. of China,27,133.3,,183,183,https://www.ocagames.com/HZ_Info/AG2022-/en/results/judo/athlete-profile-n2007750-xu-shiyan.htm
Zelim TCKAEV,#6,-81,M,Azerbaijan,25,80.8,,184,,
Klen Kristofer KALJULAID,#25,-90,M,Estonia,29,89.9,,184,,
Michael KORREL,#7,-100,M,Netherlands,30,99.4,104.8,184,184,https://olympics.com/en/paris-2024/athlete/michael-korrel_1966766
Ushangi KOKAURI,#17,100,M,Azerbaijan,32,142.8,,185,195,https://www.olympedia.org/athletes/132618
Rafael MACEDO,#11,-90,M,Brazil,29,89.6,94,185,180,https://admin.cob.org.br/uploads/CO_Bmedia_guide_mobile_2024_V3_89fd5895d0.pdf
Leonardo GONCALVES,#12,-100,M,Brazil,28,99.7,107.3,185,190,https://admin.cob.org.br/uploads/CO_Bmedia_guide_mobile_2024_V3_89fd5895d0.pdf
Attila UNGVARI,#20,-81,M,Hungary,35,80.7,84.8,185,184,https://sts.judo59.com/upload/files/pdf/_niversite%20kazan%202013.pdf
Zsombor VEG,#25,-100,M,Hungary,22,99.8,104.1,185,190,https://78884ca60822a34fb0e6-082b8fd5551e97bc65e327988b444396.ssl.cf3.rackcdn.com/up/2021/12/Buenos_Aires_Youth_Olympic_Gam-1639650923.pdf
Peter PALTCHIK,#11,-100,M,Israel,32,99.6,106.4,185,190,https://en.wikipedia.org/wiki/Peter_Paltchik
Kamila BERLIKASH,#15,78,W,Kazakhstan,24,137.3,,185,160,https://www.ocagames.com/HZ_Info/AG2022-/en/results/judo/athlete-profile-n2020768-berlikash-kamila.htm
Marvin GADEAU,#112,100,M,Monaco,23,154,,185,187,https://olympics.com/en/paris-2024/athlete/marvin-gadeau_1552556
Anriquelis BARRIOS,#31,-63,W,Venezuela,30,61.7,,185,174,https://www.panamsports.org/downloads/pdf/lima-2019/JU_Results_Book_1.0.pdf
Thomas BRICENO,#46,-100,M,Chile,30,99.6,,186,186,http://158.170.64.113/sitiousach/tags/estudiantes?page=184
Zhenzhao MA,#5,-78,W,People's Rep. of China,26,77.9,,186,186,https://www.ocagames.com/HZ_Info/AG2022-/en/results/judo/athlete-profile-n2007739-ma-zhenzhao.htm
Hugo CUMBO,#258,-81,M,Vanuatu,28,80.8,,186,185,https://b2022-pdf.microplustimingservices.com/JUD/2022-07-30/JUDM81KG--------------------------__C32C_1.0.pdf
Andy GRANDA,#5,100,M,Cuba,32,120.1,,187,197,https://www.ecured.cu/Andy_Granda
Eduard TRIPPEL,#29,-90,M,Germany,27,89.7,94.2,187,187,https://olympics.com/en/paris-2024/athlete/eduard-trippel_1563097
Dzhafar KOSTOEV,#18,-100,M,United Arab Emirates,25,99.6,,187,187,https://www.infosport.ru/person/dzyudo/kostoev-djafar-beslanovich
Shady ELNAHAS,#3,-100,M,Canada,26,99.2,101.8,188,192,https://olympics.com/en/paris-2024/athlete/shady-elnahas_1955529
Toma NIKIFOROV,#22,-100,M,Belgium,31,99.5,,189,189,https://olympics.com/en/paris-2024/athlete/toma-nikiforov_1957037
Maxime-Gael NGAYAP HAMBOU,#38,-90,M,France,23,89.5,92.1,189,189,https://www.lequipe.fr/Judo/Fiche-guide/Athlete/Maxime-gael-ngayap-hambou/48
Tatsuru SAITO,#6,100,M,Japan,22,172,,189,191,https://ja.wikipedia.org/wiki/%E6%96%89%E8%97%A4%E7%AB%8B
Marcus NYMAN,#27,-90,M,Sweden,33,89.9,,189,189,https://olympics.com/en/paris-2024/athlete/marcus-nyman_1571909
Somon MAKHMADBEKOV,#7,-81,M,Tajikistan,25,80.8,,189,178,https://www.ocagames.com/HZ_Info/AG2022-/en/results/judo/athlete-profile-n2019842-makhmadbekov-somon.htm
John JAYNE,#32,-90,M,United States of America,27,89.8,,189,188,https://www.teamusa.com/profiles/john-jayne
Zelym KOTSOIEV,#1,-100,M,Azerbaijan,25,99.7,,190,192,https://az.wikipedia.org/?oldid=7275977
Zlatko KUMRIC,#24,-100,M,Croatia,30,99.5,,190,192,https://olympics.com/en/paris-2024/athlete/zlatko-kumric_1906380
Gerard TAKAYAWA,#125,100,M,Fiji,18,125.9,,190,,
Tsetsentsengel ODKHUU,#19,100,M,Mongolia,24,122.4,,190,196,https://www.ocagames.com/HZ_Info/AG2022-/en/results/judo/athlete-profile-n2016794-odkhuu-tsetsentsengel.htm
Mbagnick NDIAYE,#30,100,M,Senegal,30,149.7,,190,,
Enej MARINIC,#31,100,M,Slovenia,25,136.1,,190,190,https://olympics.com/en/paris-2024/athlete/enej-marinic_1980882
Nikoloz SHERAZADISHVILI,#8,-100,M,Spain,28,99.5,103.6,190,190,https://en.wikipedia.org/wiki/Nikoloz_Sherazadishvili
Alisher YUSUPOV,#9,100,M,Uzbekistan,25,125.6,,190,190,https://www.ocagames.com/HZ_Info/AG2022-/en/results/judo/athlete-profile-n2012643-yusupov-alisher.htm
Lasha BEKAURI,#1,-90,M,Georgia,23,89.8,93.2,192,190,https://www.adh.de/fileadmin/user_upload/pdf/wettkampf/ergebnisse-international/WUG_Universiade_Sommer/2019/Judo_Universiade_2019_Ergbenisse.pdf
Magomedomar MAGOMEDOMAROV,#15,100,M,United Arab Emirates,23,130.3,,192,178,https://www.ocagames.com/HZ_Info/AG2022-/en/results/judo/athlete-profile-n2005397-magomedomarov-magomedomar.htm
Aaron FARA,#21,-100,M,Austria,27,99.3,101.6,193,193,https://www.judoaustria.at/judoka/?judokaId=22682
Erik ABRAMOV,#18,100,M,Germany,25,118.4,,193,191,https://olympics.com/en/paris-2024/athlete/erik-abramov_1563099
Aleksandar KUKOLJ,#16,-100,M,Serbia,32,99.7,99.6,193,186,https://olympics.com/en/paris-2024/athlete/aleksandar-kukolj_1948091
Daniel EICH,#14,-100,M,Switzerland,24,99.9,,193,,
Piotr KUCZERA,#28,-100,M,Poland,29,98.5,,194,,
Bubacar MANE,#51,100,M,Guinea-Bissau,37,140.8,,195,,
Lukas KRPALEK,#11,100,M,Czechia,33,113.5,,197,198,https://www.olympijskytym.cz/files/documents/1721055280_cov-tg-oh-paris-el-1.pdf
Temur RAKHIMOV,#3,100,M,Tajikistan,27,122.5,,197,198,https://www.ocagames.com/HZ_Info/AG2022-/resAG2022-/pdf/AG2022-/JUD/AG2022-_JUD_C32C_JUDMO100KG------------------------.pdf
Muzaffarbek TUROBOYEV,#4,-100,M,Uzbekistan,24,99.8,104.1,200,202,https://www.ocagames.com/HZ_Info/AG2022-/en/results/judo/athlete-profile-n2012665-turoboyev-muzaffarbek.htm
Teddy RINER,#7,100,M,France,35,141.5,,204,204,https://www.lequipe.fr/Judo/Fiche-guide/Athlete/Teddy-riner/50
Rafael SILVA,#14,100,M,Brazil,37,172.8,,205,203,https://admin.cob.org.br/uploads/CO_Bmedia_guide_mobile_2024_V3_89fd5895d0.pdf
